"PRIORITY","CONFIDENCE","BRAND","SUB_SEGMENT","URL","FOUNDER_NAME","FOUNDER_LINKEDIN","FOUNDER_X","INSTAGRAM","EMAIL","FIT_SIGNAL","PERSONALIZATION_HOOK"
"A","high","Alice Mushrooms","Functional mushroom chocolates (focus/sleep/mood)","https://alicemushrooms.com/","Charlotte Cruze & Lindsay Goodstein","https://www.linkedin.com/in/charlotte-cruze-71455065/","unknown","@alice.mushrooms","enrich","Raised oversubscribed $8M Series A (Sept 2025, led by NewBound, Unilever Ventures, Tiesto) on top of earlier L Catterton/Zac Efron round; revenue went 7-figures yr1 to projected 8-figures 2025. Growth-stage challenger actively scaling DTC + retail (Erewhon, Sprouts) - prime $20-100K/mo ad tier.","Their named SKUs (Brainstorm for focus, Nightcap for sleep) lean heavily on whimsical Alice-in-Wonderland branding and influencer seeding (100-200 influencers at launch with handwritten notes) - but reviews on Thingtesting are polarized on 'does it actually work,' a perfect angle for efficacy-driven UGC creative that shows real users feeling the effect."
"A","high","Brēz","Functional social tonic (microdose THC + lion's mane mushroom)","https://drinkbrez.com","Aaron Nosbisch","https://www.linkedin.com/in/aaronnosbisch/","unknown","@drinkbrez","enrich","Founded 2023, ~$28M revenue in 2024 and projected >$50M in 2025. Founder has publicly stated they spend ~$1M/month on advertising and 'build in public' across Meta, TikTok and Twitter. Squarely in (actually above) the growth-stage paid-social tier and a heavy creative buyer.","Aaron openly talks about spending near $1M/month on ads and 'building Brez in public' on podcasts (High Spirits, Shopify Happy Hour). A note referencing his build-in-public philosophy plus the volume of UGC testimonial creative Brez runs would land directly."
"A","high","Clevr Blends","Instant adaptogenic SuperLattes (coffee/matcha/cacao oat-milk lattes)","https://clevrblends.com","Hannah Mendoza (co-founder/CEO), Roger Coppola (co-founder)","https://www.linkedin.com/in/hannah-mendoza-clevr/","unknown","@clevrblends","enrich","Founded 2018, Santa Barbara CA. Backed by Meghan Markle; viral Oprah moment caused 2-month sellout. Now in Target + DTC with constant seasonal SKU launches (Honey Lavender Matcha, London Fog, Iced Strawberry Matcha). Heavy aesthetic Meta/IG presence typical of a growth-stage DTC spending in the tens of thousands monthly. Smaller than the giants (est. low-8-figure revenue), founder-led.","Their matcha SuperLatte line keeps spinning out limited drops (Iced Strawberry Matcha, Honey Lavender, London Fog) - a clear sign they value fresh creative; a UGC angle showing the 'add water + froth' ritual on these seasonal flavors writes itself."
"A","high","Hiyo","Functional non-alcoholic social tonic (adaptogens + nootropics)","https://drinkhiyo.com","Evan Quinn","unknown","unknown","@drinkhiyo","enrich","Raised ~$20M including a 2025 minority investment from Constellation Brands Ventures; still founder-led and independent. Growing fast in the 'social tonic' category with active DTC + paid social. Mid-tier challenger, well inside the spend band.","Co-founders Evan Quinn and George Youmans started Hiyo after family members were hospitalized with alcohol-related issues - an emotionally rich founder story their ads under-use. Pitching founder-story UGC angles ties directly to their 'The Float' feel-good positioning."
"A","high","Kiala Nutrition (Kiala Greens)","Greens & superfood powder (women-focused)","https://kialanutrition.com","Pete Christel & Jack Szymczak","https://www.linkedin.com/in/pete-christel/","unknown","@kialanutrition","enrich","Founded 2021, Miami-based, 500K+ customers. Markets a flavored greens powder specifically to women, calls itself 'TikTok's #1 Greens' and an Amazon bestseller. Heavy influencer/UGC-driven growth, multiple flavors (Carnival Candy etc). Squarely a growth-stage DTC greens challenger in the target spend tier.","Co-founder Pete Christel posted publicly on LinkedIn about building Kiala from scratch over 2.5 years with Jack Szymczak. Their whole positioning is 'flavors you'll actually crave' aimed at women 18-35 - the brand lives and dies on dessert-flavored greens (Carnival Candy). A perfect candidate for taste-test reaction UGC creative."
"A","high","Kin Euphorics","Adaptogen + nootropic non-alcoholic euphoric drinks","https://www.kineuphorics.com","Jen Batchelor","unknown","unknown","@kineuphorics","enrich","$11M net revenue in 2024 (up ~38% YoY), ~$50M lifetime sales, ~$15M raised, and ran a 2025 DealMaker community raise. Co-founder Bella Hadid drives heavy brand/social content. Classic growth-stage mid-tier - bigger than a hobby brand, smaller than a giant.","Bella Hadid co-founder content carries the brand, but the DTC funnel leans on her face rather than diversified customer UGC. An opener noting the gap between celebrity hero content and scalable customer-testimonial creative is a precise wedge."
"A","high","Live it Up (Super Greens)","Greens & superfood powder","https://letsliveitup.com","Haim Nigri","https://www.linkedin.com/in/haimnigri (verify)","unknown","@letsliveitup","enrich","Single-SKU greens powder (Superfoods Inc. dba Live it Up) positioned as the leading AG1 alternative at ~$1.33/serving. Heavy DTC performance-marketing operation, consistently #1 in 'best AG1 alternative' listicles, strong subscription model. Classic single-hero-product greens challenger in the $20-100K/mo Meta+TikTok tier.","Live it Up is the brand most often crowned the #1 AG1 alternative by dietitians, and runs aggressive price-anchored comparison ads ('half the price of AG1'). Their creative leans hard on side-by-side AG1 comparisons rather than authentic UGC testimonial hooks - a clear creative gap for fresh founder/customer-story UGC. (Note: brand navigated a 2026 Salmonella/moringa recall - sensitivity advised in outreach.)"
"A","high","London Nootropics","Adaptogenic instant coffee blends (Flow/Mojo/Zen - lion's mane, rhodiola, cordyceps, ashwagandha)","https://londonnootropics.com","Zain Peer (co-founder), Shez Shaikh (co-founder)","https://www.linkedin.com/in/zain-peer/","unknown","@londonnootropics","enrich","Founded 2020, London. Appeared on Dragons' Den (secured offers from Deborah Meaden & Sara Davies), now ~20,000 customers/month with strong subscription growth. Founder-led, PR-heavy, clearly running paid acquisition - right in the mid-tier challenger band.","Post-Dragons' Den they leaned into replenishment/subscription (case study: +36% replenishment revenue with Relo) - a retention-minded founder; creative built around the three distinct blends (Flow vs Mojo vs Zen by use-case) would map cleanly onto their existing positioning."
"A","high","Magic Mind","Nootropic + adaptogen productivity shot","https://magicmind.com","James Beshara","https://www.linkedin.com/in/jjbeshara","https://twitter.com/jamesbeshara","@magicmind","enrich","Raised ~$30M total (Series A) and is a heavy DTC paid-social and affiliate/creator advertiser. Active across Meta and YouTube with constant testimonial/UGC creative. Growth-stage challenger in the productivity-shot niche, not a soda giant.","James is a prolific angel/podcaster who tells the '67 investor no's' origin story publicly; Magic Mind leans hard on creator/affiliate UGC. An opener referencing their reliance on creator testimonial shots and offering to systematize fresh AI-UGC angles fits their existing playbook."
"A","high","Moment","Botanical + adaptogen calming/focus drinks ('meditation in a can')","https://drinkmoment.com","Aisha Chottani","https://www.linkedin.com/in/aishachottani","unknown","@drinkmoment","enrich","Founded 2020, HBS-founder-led, DTC-first with strong subscription base and active Meta/TikTok presence. Independent and growth-stage; well-known mid-tier adaptogen drink without giant-scale spend.","Aisha built Moment around South Asian botanicals her family used (ashwagandha, tulsi, ginseng) + L-theanine for 'awake calm.' An opener tying that authentic family-heritage story to founder-led UGC, and noting their 'Drink Your Meditation' brand line, is highly specific."
"A","high","Neutonic","Nootropic productivity/focus drink (Cognizin, L-theanine, rhodiola)","https://www.neutonic.com","Chris Williamson & James Smith","unknown","https://twitter.com/ChrisWillx","@neutonic","enrich","Founded 2023, raised ~$3.7M (£2.7m), sold 7.5M+ cans, hit #1 on Amazon energy/grocery, valued ~$20M within 18 months. Influencer-founded with huge built-in audience and heavy paid social/creator spend. Growth-stage challenger.","Founders Chris Williamson (Modern Wisdom podcast) and James Smith have a combined 10M+ following and built Neutonic largely on their own content. The dependency on the two founders' faces leaves a gap for diversified customer/creator UGC - a precise opener for an AI-UGC pitch."
"A","high","Odyssey Elixir","RTD functional mushroom energy drinks (lion's mane + cordyceps sparkling cans)","https://odysseyelixir.com","Scott Frohman","unknown","unknown","@odysseyelixir","enrich","Founded 2020/2022, Fort Lauderdale FL. Raised $14.3M total ($6M Series A Feb 2024). In 9,200+ retail locations (Publix, CVS, GNC, 7-Eleven, Wegmans, Erewhon). Funded, fast-scaling, active on IG/TikTok - a growth-stage brand that needs DTC creative to drive trial and retail velocity.","They rebranded around a 'Straight Up Energy' identity and split into Core / 222 / Revive lines - a brand actively repositioning, which is exactly when fresh ad creative (e.g., the 222 high-caffeine SKU vs Monster/Celsius) matters most."
"A","high","Rasa","Adaptogenic herbal coffee alternative (cacao/matcha instant blends, caffeine-free + low-caf)","https://wearerasa.com","Lopa van der Mersch","https://www.linkedin.com/in/lopa-van-der-mersch/","unknown","@wearerasa","enrich","Founded 2018, Boulder CO. ~$12M cumulative revenue, GAAP profitable, 100K+ customers, 50% subscriber retention, raised $3.25M from 2,000+ retail investors on Wefunder. Public Benefit Corp, woman-owned, founder is the public face. Classic challenger spending in the $20-100K/mo paid range - bigger than hobby, well below the giants.","Lopa is a former Celestial Seasonings senior herb buyer and clinical-herbalist who frames Rasa around 'energy without caffeine' - a founder story most coffee-alt brands can't claim; a creator testimonial contrasting the cacao Rasa vs a coffee crash leans right into her positioning."
"A","high","Spacegoods","Functional mushroom coffee-alternative powder ('Rainbow Dust' all-in-one blend)","https://spacegoods.com","Matthew Kelly","unknown","unknown","@tryspacegoods","enrich","London-based, launched April 2022. Raised £2.5M/€2.9m seed (Feb 2024) led by Five Seasons Ventures. Aggressively TikTok/UGC-driven (huge #spacegoods creator volume, dedicated TikTok creator signup + lander pages). Fast-growing functional-mushroom challenger squarely in the growth-stage ad-spend tier.","They run an open TikTok creator program with a dedicated 'Rainbow Lander' funnel - they live and die by UGC volume, so an offer to systematize/scale their creator output (vs. relying on organic #spacegoods posts) is a direct hit."
"A","high","Thesis","Personalized nootropic stacks (quiz-based blends)","https://takethesis.com/","Dan Freed","https://www.linkedin.com/in/danjfreed/","unknown","@takethesis","enrich","$13.5M raised (incl. Unilever Ventures, Kevin Love), ~$1M/mo revenue before first raise, profitable, targeting $100M/yr. Quiz-funnel DTC model that lives on paid social - a heavy and ongoing Meta spender in the right band (challenger, not giant).","Their entire model is a personalization quiz (take a quiz, get your custom blend of 6 formulas). Their ads lean educational/founder-story - a fresh angle would be UGC creators filming their quiz-to-results journey. Founder Dan Freed has a strong personal narrative (former line cook who failed out of school, then MBA at Yale)."
"A","high","Wildwonder","Prebiotic + probiotic sparkling gut-health soda (challenger to Olipop/Poppi)","https://drinkwildwonder.com","Rosa Li","https://www.linkedin.com/in/rosa-li-wildwonder","unknown","@drinkwildwonder","enrich","Raised ~$2.1M seed + $500K Shark Tank deal (Tony Xu); sales grew 300-400% post-air, expanded to 2,000+ stores. Founder-led, fast-growing prebiotic-soda challenger - exactly the growth-stage tier, not an Olipop-scale giant.","Rosa Li (active on IG as @rosalisays) built Wildwonder from a personal gut-health crisis and her grandmother's herbal teas - a founder-story and AAPI-heritage angle their ads under-leverage versus the bigger prebiotic-soda giants. Strong wedge for founder-led UGC."
"A","medium","Auri Nutrition","Super mushroom adaptogen gummies (focus, immunity, calm)","https://www.tryauri.com","Evan Johansen (founder)","https://www.linkedin.com/in/evanjohansen/","unknown","@aurinutrition","enrich","Launched 2023 with 'world's first super mushroom daily gummies' (10-12 mushroom blend), claims 100K+ social community and strong Amazon + DTC sales. Described in listicles as a 'viral heavyweight' in mushroom gummies. Single-founder, ad-driven DTC growth brand sitting squarely in challenger tier.","Auri runs the 'kitchen sink' 12-mushroom all-in-one gummy positioning ('one-and-done multivitamin approach') and a 90%+ absorption claim. Their creative leans on benefit-stacking; a UGC opener could contrast their dense ingredient deck with a simple 'which of these 12 mushrooms is actually doing the work for you?' testimonial hook."
"A","medium","First Person","Nootropic functional-mushroom supplements (dopamine/focus, GABA/sleep)","https://getfirstperson.com/","Chris Claussen & Joe Claussen","https://www.linkedin.com/in/chris-claussen-59518116a/","unknown","@getfirstperson","enrich","Founder-led brothers, precision-targeted cognitive SKUs (Sunbeam/Golden Hour/Moonlight) mapped to neurotransmitters. DTC-focused brand in the Onnit-adjacent nootropic-mushroom challenger tier; plausible $20-100K/mo on Meta.","Deeply personal founder story - both brothers carry the ApoE4 Alzheimer's gene and built the brand after watching their father and grandfather decline. That authentic 'why' is gold for a founder-narrative UGC ad they're likely underusing in cold-traffic creative."
"A","medium","Grummies","Single-superfood adaptogen gummies (Ashwagandha, ACV, Elderberry, Turmeric)","https://www.eatyourgrummies.com","Nick Michlewicz & Colin Darretta (co-founders)","https://www.linkedin.com/in/colindarretta/","unknown","@grummies","enrich","Launched 2021, single-ingredient superfood gummies (ashwagandha for calm/sleep is hero SKU), only 3g organic sugar. Co-founder Colin Darretta also founded DojoMojo/WellPath, so this is an experienced DTC operator team — exactly the founder-reachable, performance-marketing-savvy profile.","Grummies' hook is 'ashwagandha tastes like dirt — we made it taste like candy,' and they keep formulas single-ingredient (no kitchen-sink blends). A UGC ad built around the taste-vs-benefit objection ('the supplement you'll actually take because it tastes good') fits their messaging, and Colin Darretta's DTC-operator background means he'll grok the agency pitch immediately."
"A","medium","Mojo (Gwella)","Nootropic + adaptogen mushroom gummies (focus, mood, energy)","https://mojo.shop","Stefany Nieto, Daniel Sanders & Peter Reitano (co-founders)","https://www.linkedin.com/company/gwella/","unknown","@mojomicrodose","enrich","Toronto-based (Gwella parent, US+UK satellite offices), pitched and got a deal on Dragons' Den 2024, raised ~$5M pre-seed/seed. Pure functional gummy brand with nootropic+adaptogen+mushroom blend, microdose positioning. Funded, growth-stage, founder-led — textbook fit.","Mojo's whole brand is 'microdose' coded (handle @mojomicrodose) and they got a televised Dragons' Den deal in 2024 — a creator/UGC ad that plays on the 'legal microdose for your morning' curiosity gap, plus the founders' Chief Science Officer (Daniel Sanders, mushroom extraction PhD) credibility, is an easy opener."
"A","medium","Plant People","Adaptogenic mushroom gummies (WonderDay, WonderCalm, WonderSleep)","https://www.plantpeople.co","Gabe Kennedy & Hudson Gaines-Ross (co-founders)","https://www.linkedin.com/in/gabekennedy/","unknown","@plantpeople","enrich","Founded 2018, raised Series A (Unilever Ventures participated), recent investment from Manna Tree (2025). WonderCalm gummies = 900mg ashwagandha + Reishi + L-theanine; in Whole Foods & Sprouts plus DTC. Funded, scaling, founder-as-face — strong mid-tier challenger.","WonderCalm's 900mg ashwagandha + Reishi + L-theanine 'calm without drowsiness' claim is a clear differentiator vs. melatonin-based competitors. Founder Gabe Kennedy is a Top Chef alum and frequent podcast guest — a UGC angle pairing his on-camera credibility with a 'why I put 900mg ashwagandha in one gummy' founder explainer is a natural hook."
"A","medium","Recess","Magnesium + adaptogen mood/relaxation sparkling water and powders","https://takearecess.com","Ben Witte","https://www.linkedin.com/in/benwitte","unknown","@takearecess","enrich","Well-funded category pioneer (the 'Red Bull for relaxation') with Recess Mood line in retail (HEB, Kroger) and active DTC. Established challenger that still buys paid social heavily; mid-tier, not a Liquid Death-scale giant.","Recess has a famously strong pastel/illustrated brand aesthetic but relatively little raw customer-UGC in its funnel. Founder Ben Witte coined 'Red Bull for relaxation' - an opener contrasting their polished brand art with scalable real-person UGC for the Mood line is a clean angle."
"A","medium","Troop","Functional mushroom gummies (focus, calm, sleep, immunity)","https://troopnutrition.com","Stephanie Moyal & Jake Mellman (co-founders, cousins)","https://www.linkedin.com/in/stephanie-moyal-95a4bb60/","unknown","@trytroop","enrich","LA-based pure-play functional mushroom gummy brand, founded ~2021, DTC Shopify + Erewhon/Bristol Farms retail, single-mushroom (Lion's Mane, Reishi) and Super Troop 6-mushroom blend. Strong DTC/social presence and press, classic growth-stage challenger profile to OLLY/Goli in the mushroom-gummy niche.","Troop leans hard on the 'fruiting body extract, not mycelium' purity story and single-mushroom targeted dosing (Lion's Mane for focus, Reishi for sleep) vs. competitors' kitchen-sink blends. A UGC angle showing real users picking their gummy by goal (focus vs. sleep) maps perfectly to that positioning, and the cousin-founder origin story (sparked by watching Fantastic Fungi) is a ready-made creator hook."
"A","medium","Zena Nutrition (Zena Organic Supergreens)","Greens & superfood powder (USDA organic)","https://zenanutrition.com","unknown","unknown","unknown","@zenanutrition","enrich","Launched 2024 under VitaMina Labs LLC. Already achieved strong recognition for eye-catching packaging, affordable price, USDA Certified Organic formula with 70+ superfoods. Stick packs now in Walmart/Costco but core business is still DTC + Amazda - fast-rising newcomer in exactly the growth-stage window.","Zena is one of the newest entrants (2024) and explicitly leans on 'eye-catching packaging' and the '#1 USDA Certified Organic Supergreens' claim. As a 2024 launch scaling fast, their ad creative library is still thin - prime timing to pitch a UGC creative engine before they plateau. Founder is not publicly surfaced (LinkedIn shows VitaMina Labs / Katrina Dachelet), worth enriching."
"B","high","Aplós","Functional non-alcoholic spirit + RTD (adaptogens: Suntheanine, moringa, ginseng)","https://www.aplos.world","Emily Onkey & David Fudge","https://www.linkedin.com/in/dwfudge","unknown","@aplos","enrich","Founded 2020, raised ~$10.5M total incl. a fresh $5M round in late 2025 to scale. Independent, founder-led, expanding RTD canned line - growth-stage non-alc functional brand investing in acquisition. Solid in-band fit.","Aplós just raised $5M (Nov 2025) explicitly to 'accelerate the modern non-alcoholic movement' and launched canned RTD cocktails. An opener tying the fresh capital + new RTD format to a need for high-volume launch UGC is timely and specific."
"B","high","Apothékary","Adaptogen herbal tinctures + functional drink mixes (alcohol alternatives)","https://www.apothekary.com","Shizu Okusa","https://www.linkedin.com/in/shizu-okusa-87a25415","unknown","@apothekary_","enrich","Bootstrapped to ~$25M ARR with no venture funding - which means performance marketing (Meta/TikTok) is the growth engine, and they almost certainly buy creative heavily. Founder-led, DTC-first, growth-stage. Strong in-band fit on an efficiency basis.","Shizu bootstrapped Apothékary to ~$25M ARR with zero VC, leaning on Ayurveda/TCM herbal storytelling and her 'Rosé-Tinted Glasses' alcohol-alternative SKU. An opener noting that a bootstrapped DTC at that scale lives or dies on UGC creative efficiency is highly relevant to her economics."
"B","medium","Atlas Coffee Club (Atlas+ Superblend)","Mushroom coffee superblend (collagen, probiotics, lion's mane/reishi/cordyceps, ashwagandha)","https://atlascoffeeclub.com","Michael Shewmake (co-founder/CEO), Jordan Rosenacker (co-founder)","https://www.linkedin.com/in/michaelshewmake/","unknown","@atlascoffeeclub","enrich","Austin TX. Established coffee-subscription business (~8-figure ARR, 10K+ subscribers) that launched Atlas+ mushroom superblend as a new functional line in 2024-25 (named a 'best beverage of 2025'). Proven DTC operator entering the functional segment - exactly the kind of brand ramping paid spend on a new SKU.","Atlas+ is a brand-new functional line bolted onto an existing 8-figure coffee subscription - they have the budget and the audience but are early in building functional-category creative, so a pitch focused on launching/scaling Atlas+ specifically (not their core club) is timely."
"B","medium","Beam","Sleep supplement (Dream Powder) + wellness","https://shopbeam.com/","Kevin Moran & Matt Lombardi","https://www.linkedin.com/in/kevin-moran-beam/","unknown","@beam","enrich","Raised $5M Series A (Obvious Ventures) + ~$10.5M Series B; subscription-first DTC; flagship Dream Powder sleep product. Athlete-backed (Baker Mayfield, Danica Patrick). Solid growth-stage spender.","Dream Powder's hero creative is the viral hot-cocoa-before-bed ritual shot - extremely UGC-friendly. Founders are former pro athletes (Boston College, Ironman training) - a recovery/sleep performance angle with athlete-creator UGC is a natural extension they may be underexploiting on cold traffic."
"B","medium","BPN (Strong Greens)","Greens & superfood powder (performance/athlete)","https://www.bareperformancenutrition.com","Nick Bare","https://www.linkedin.com/in/nick-bare","@nickbarefitness","@bareperformancenutrition","enrich","Bare Performance Nutrition founded 2012 by ex-Army officer Nick Bare. Strong Greens is the greens SKU within a performance-supplement line. Founder has a huge personal YouTube/IG following ('Go One More'), drives meaningful DTC + paid-social volume - growth-stage, founder-as-the-brand.","Nick Bare IS the brand - a hyper-engaged founder-creator with a military discipline narrative and massive owned audience. Strong Greens is positioned as 'performance-grade' greens for athletes rather than a wellness/aesthetic angle. Founder-led athlete-routine UGC ('what I drink every morning') is a natural fit and he already lives in that content style."
"B","medium","Curious Elixirs","Non-alcoholic craft cocktails with functional botanicals/adaptogens","https://curiouselixirs.com","John Wilfred (JW) Wiseman","https://www.linkedin.com/in/jwwiseman","unknown","@curiouselixirs","enrich","Bootstrapped from a 2016 Kickstarter to ~$47M cumulative revenue over five years, DTC-heavy with subscription. Founder-led and independent; relies on paid social for acquisition. Mid-tier challenger, plausibly in-band given DTC scale.","JW Wiseman bootstrapped Curious Elixirs from a $37K Kickstarter to ~$47M cumulative revenue, subscription-first - meaning retention and CAC ride on creative. An opener referencing the bootstrap-to-$47M journey and subscription model as a UGC efficiency play is specific."
"B","medium","De Soi","Adaptogen non-alcoholic sparkling aperitif (reishi, L-theanine, ashwagandha)","https://drinkdesoi.com","Morgan McLachlan","https://www.linkedin.com/in/morgan-mclachlan","unknown","@desoi","enrich","Co-founded by master distiller Morgan McLachlan and Katy Perry; raised ~$4M seed (Willow Growth, CAA) and is in retail (Target) plus DTC. Mid-tier celebrity-adjacent challenger that still actively runs paid social. Plausibly in-band, slightly celebrity-subsidized.","Morgan McLachlan is the master-distiller operator behind the brand while Katy Perry is the face - the actual product/craft story is under-told in ads. An opener proposing 'craft + function' UGC that shifts focus from celebrity to the adaptogen formulation is differentiated."
"B","medium","Earth & Star","Functional mushroom coffee (RTD cold brew lattes, organic ground coffee, black coffee)","https://earthandstar.com","Zoe Sakoutis (co-founder), Erica Huss (co-founder)","https://www.linkedin.com/in/zoe-sakoutis-b1a3a91/","unknown","@earthandstar","enrich","Launched 2020 by the BluePrint Cleanse co-founders (who sold BluePrint in 2013) - experienced, well-connected CPG founders. Expanding 'mushroom platform' across RTD lattes, ground coffee, chocolates, tinctures. Growth-stage DTC with the founder pedigree and category to justify mid-tier paid spend.","The founders previously built and exited BluePrint Cleanse, so they understand DTC scaling - a pitch acknowledging their second-act 'mushroom platform' expansion (RTD cold brew + ground coffee + chocolate) and the creative volume needed to launch each SKU resonates."
"B","medium","Earth Echo Foods (Cacao Bliss / Reds)","Functional cacao & superfood powders (reds/greens-adjacent)","https://earthechofoods.com","Danette May","unknown","unknown","@earthechofoods","enrich","Boulder CO brand founded by celebrity fitness trainer Danette May (100M+ social reach via The Rise Movement). Cacao Bliss is a ceremonial-cacao superfood drink mix sold DTC; broad funnel/VSL-style paid-social operation. Influencer-founder-led functional consumable squarely in the spend tier.","Earth Echo recently repositioned Cacao Bliss as a 'natural GLP-1 superfood alternative' for appetite control (press April 2026) - riding the Ozempic-adjacent wave. That hot new angle is begging for testimonial/before-after UGC. Founder Danette May has a massive built-in audience to seed creators from."
"B","medium","Ghia","Non-alcoholic botanical aperitif (mood/relaxation positioning)","https://drinkghia.com","Mélanie Masarin","https://www.linkedin.com/in/melaniemasarin/","unknown","@drinkghia","enrich","Ex-Glossier/Dig founder, angel-backed (Emily Weiss et al.), now with a Pernod Ricard minority stake at a ~$50M 2024 valuation. Strong brand/DTC marketing machine and active paid social. Note: Ghia explicitly avoids adaptogen claims, so it is functional-adjacent rather than pure-functional - included with that caveat.","Mélanie came from Glossier's brand team, so Ghia's aesthetic is best-in-class but deliberately non-functional/no-adaptogen-claims. An opener acknowledging her Glossier pedigree while proposing relatable 'aperitivo ritual' UGC (vs. polished brand film) is well-targeted."
"B","medium","Heights","Braincare nootropic supplements (Vitals+, Smart Probiotic)","https://yourheights.com/","Dan Murray-Serter & Joel Freeman","https://www.linkedin.com/in/danmurrayserter/","unknown","@yourheights","enrich","UK braincare brand, ~£10M ARR, ~30K monthly subscriptions, £35M valuation, £6M+ raised on Seedrs. Subscription DTC model that fits the $20-100K/mo paid-social band.","Co-founder Dan Murray-Serter is an extremely active content creator/podcaster (built the community before the product) and has publicly said he wishes he'd 'sacked off NFTs' - a founder who clearly values content. Their education-first 'braincare category' positioning could be amplified with sharper UGC proof-of-effect creative."
"B","medium","Jocko Fuel (Jocko Greens)","Greens & superfood powder (performance/athlete)","https://jockofuel.com","Jocko Willink (with Origin USA)","unknown","@jockowillink","@jockofuel","enrich","Jocko Greens is a 23-superfood organic greens powder under the Jocko Fuel line, built with Maine-based Origin USA. Founder Jocko Willink (retired Navy SEAL) has an enormous podcast/audience and the brand runs broad DTC + retail. Performance-positioned greens challenger with a celebrity-founder engine.","Jocko Greens rides a discipline/SEAL-mindset brand identity ('Discipline Equals Freedom') totally distinct from the women's-wellness greens crowd - the creative gap is masculine, performance-driven UGC vs the soft aesthetic that dominates the category. Jocko's own audience is a ready creator pool."
"B","medium","Live Conscious (Beyond Greens)","Greens & superfood powder (matcha-based)","https://weliveconscious.com","unknown","unknown","unknown","@weliveconscious","enrich","Burbank CA brand (formerly LiveWell Labs), in market since 2014. Beyond Greens is a matcha-forward 'debloating' greens powder with 40+ superfoods. Established DTC + Amazon operation under Scale Media umbrella, well-funded performance-marketing apparatus - solidly in or above the target spend tier.","Beyond Greens' entire angle is 'delicious debloating' matcha greens (not grassy AG1-style) - a differentiated taste/debloat hook. Their reviews repeatedly say it 'should go back to basics,' suggesting messaging confusion that fresh UGC focused on the debloat-after-meals benefit could sharpen. Founder not publicly named (Scale Media operated) - enrich."
"B","medium","Mindright","Nootropic + adaptogen focus/mood products (beverage enhancers, snacks)","https://getmindright.com","Chris Bernard & Rob Dyrdek","unknown","unknown","@getmindright","enrich","Celebrity-backed (Rob Dyrdek co-founder; Joe Jonas, Travis Barker, Marcus Lemonis investors), DTC nootropic brand with active paid social. Mid-tier challenger; spend likely in-band though smaller raise (~$250-500K disclosed) creates some uncertainty.","Mindright is co-founded by Rob Dyrdek and leans on celebrity backers, but its 'Ultra Focus, Clarity & Drive' positioning suits performance/gamer/creator UGC it doesn't fully exploit. Opener can reference the Dyrdek connection plus the focus-drive angle for niche-creator UGC."
"B","medium","Mushroom Revival","Functional mushroom capsules, tinctures & gummies (USDA organic)","https://www.mushroomrevival.com/","Alex Dorr","https://www.linkedin.com/in/mushroomrevival/","unknown","@mushroomrevival","enrich","Austin-based, founder-led mycologist, built first/largest USDA-organic cordyceps farm in Americas, world's first USDA-organic mushroom gummies. Top mushroom podcast (#1) drives a content engine. Mid-tier DTC challenger.","Founder Alex Dorr hosts the #1 mushroom podcast in the world and has ~92K social reach - a deeply credible mycologist face. Their content is education-heavy/organic; they likely under-invest in paid UGC, so a 'turn your podcast authority into scroll-stopping cold-traffic creative' angle fits."
"B","medium","Ora Organic (Easy Being Green)","Greens & superfood powder (plant-based/organic)","https://ora.organic","Will Smelko, Erica Bryers, Sebastian Bryers, Ronald Chang","unknown","unknown","@ora.organic","enrich","Founded 2015, San Diego. USDA-organic, vegan plant-based supplement line; greens powder ('Easy Being Green') plus protein, probiotics, creatine. Multi-channel (DTC, Amazon, Vitamin Shoppe, Grove) but founder-led and clearly running paid social - growth-stage challenger.","Co-founder Ron Chang is a professionally trained chef and the brand obsesses over taste - 'Easy Being Green' has a notably restrained, clean ingredient list vs the kitchen-sink competitors. That chef-led, less-is-more story is a differentiated UGC angle in a category full of '70+ ingredient' claims."
"B","medium","Paleovalley (Organic Supergreens)","Greens & superfood powder (grass-free/paleo)","https://paleovalley.com","Chas Smith & Autumn Smith (and Matthew Smith)","unknown","unknown","@paleovalley","enrich","Founded 2017 by a husband-wife + brother team. Organic Supergreens (23 superfoods, no cereal grasses) sits in a broad whole-food supplement catalog sold DTC + Amazon. Mission-driven (regenerative ag) founder-led brand with steady paid-social presence - fits growth-stage challenger profile.","Paleovalley's Supergreens differentiator is 'absolutely no cereal grasses' (vs the wheatgrass/barley-grass everyone else uses) - a contrarian ingredient hook ripe for educational UGC. Co-founder Autumn Smith is a holistic-nutrition doctor with a personal gut-healing origin story, perfect for credibility-led founder UGC."
"B","medium","Peak State Coffee","Whole-bean & ground mushroom-infused coffee (proprietary infusion process)","https://peakstatecoffee.com","Danny Walsh","https://www.linkedin.com/in/danny-walsh-peakstate/","unknown","@peakstatecoffee","enrich","Boulder CO, founded 2020. Won the 2023 Naturally Boulder Pitch Slam. Differentiated patent-pending infusion (real brewed coffee, not instant). Earlier-stage but venture-aware, founder is the face, actively building DTC - plausibly $20-50K/mo on paid as it scales.","Peak State is 'the world's first whole-bean coffee with functional mushrooms' via a patent-pending infusion process - a genuinely novel product format (vs. instant powders); a UGC ad demoing 'it brews like real coffee' attacks the #1 objection to the category."
"B","medium","Primal Harvest (Primal Greens)","Greens & superfood powder","https://primalharvest.com","unknown (publicly cited only as 'Max and Michael')","unknown","unknown","@primalharvest","enrich","Founded 2018, Miami FL. Primal Greens has 50+ superfood ingredients; broad supplement catalog (probiotics, hair, collagen) all sold DTC + Amazon. Bootstrapped/unfunded but high-volume DTC advertiser - consistently appears in greens-powder comparison content, fits the growth-stage paid-social profile.","Primal Harvest runs a wide multi-SKU catalog but Primal Greens is the hero. They lean on 'over 50 superfoods' as the headline claim - an ingredient-stuffing angle that's easy to dramatize with UGC 'what's actually in your greens' creative. Founders are only ever cited as first names 'Max and Michael' - reachability needs enrichment."
"B","medium","Rainbo","Functional mushroom tinctures (lion's mane, reishi, 11:11 blend)","https://rainbo.com/","Tonya Papanikolov","https://ca.linkedin.com/in/tonya-papanikolov","unknown","@rainbo","enrich","Canadian B-Corp, founder-led, premium tincture line with strong editorial/PR footprint (The Quality Edit, Seedlip collabs). Mid-tier DTC mushroom-extract challenger; plausibly $20-50K/mo (set as solid-but-uncertain on exact spend).","Founder Tonya is a holistic nutritionist who hosts the Rainbo podcast and is the brand's on-camera face - very content-forward. Their tinctures are a tough format to sell on impulse via static ads; founder-led education UGC explaining dropper rituals is an obvious creative gap."
"B","medium","Renude (Chagaccino)","Chaga-mushroom coffee/cacao boost powder (add-to-coffee adaptogen blend)","https://drinkrenude.com","Brandon Mizrahie","https://www.linkedin.com/in/brandon-mizrahie/","unknown","@drinkrenude","enrich","Hermosa Beach CA, founded 2018. Built around the 'Chagaccino' - a chaga+cacao stir-in. DTC + retail expansion, founder is a repeat entrepreneur (sold a prior IT company). Mid-size challenger with a distinctive single-hero product, plausibly in the lower end of the target spend band.","The 'Chagaccino' is a stir-in boost rather than a full coffee replacement, so it complements (not replaces) someone's existing coffee - an angle ('upgrade the coffee you already drink') that's underused in their creative and easy to dramatize in UGC."
"B","medium","Sunday Scaries","Calm/focus gummies (CBD + functional mushroom line)","https://sundayscaries.com","Mike Sill & Beau Schmitt (co-founders)","https://www.linkedin.com/in/mikesill/","unknown","@sundayscaries","enrich","San Diego DTC brand founded 2017, well-known CBD-for-anxiety brand that expanded into functional mushroom gummies (Lion's Mane/Chaga/Reishi for focus, sleep, stress). Established DTC engine, strong brand voice, founder-led — solidly in the spend tier, though CBD-rooted rather than pure adaptogen.","Sunday Scaries owns a hilarious, irreverent 'cure your Sunday anxiety' brand voice that already performs on social. Their newer functional-mushroom (non-CBD) line is the natural place to test fresh UGC — an opener noting they nailed CBD creative but the mushroom-gummy line could use the same comedic UGC treatment is specific and flattering."
"B","medium","Sunwink","Sparkling wellness tonics + superfood powders (herbal/adaptogen)","https://sunwink.com","Eliza Ganesh & Jordan Schenck","https://www.linkedin.com/in/jordanschenck","unknown","@drinksunwink","enrich","Founded 2018, raised ~$10.1M, female-founded, in Whole Foods + DTC with active social. Mid-tier plant-based wellness challenger; co-founder Jordan Schenck previously took Impossible Burger to market (strong marketing DNA). Plausibly in the band.","Co-founder Jordan Schenck launched the Impossible Burger's brand before Sunwink and CEO Eliza Ganesh founded it after an autoimmune diagnosis - a founder-marketing pedigree + health-origin story ripe for testimonial UGC. Opener can reference the Impossible pedigree as a credibility hook."
"B","medium","Supergreen Tonik (Human Tonik)","Greens & superfood powder (clinically-dosed)","https://supergreentonik.com","Adam Wright","unknown","unknown","@humantonik","enrich","Founder-led DTC brand (Human Tonik LLC, Delaware) selling Supergreen Tonik plus a reds product (Red Tonik). Positioned on 'clinically proven dosages' / 16 evidence-backed ingredients and a 365-day guarantee. Started as a ~$30K/mo greens supplement per founder interviews - bottom edge of the target tier but clearly a paid-social DTC operator.","Founder Adam Wright openly tells the story of building this for his own Chronic Fatigue Syndrome and brain fog, and gave a Starter Story interview titled 'How I Created A $30K/Month Greens Superfood Powder.' That candor + the 365-day-guarantee angle are strong founder-led UGC hooks. Spend may be at the lower bound - flag for qualification."
"B","medium","Wunderground Coffee","Adaptogenic mushroom coffee (instant + ground, 5,000mg+ fruiting-body mushrooms)","https://wundergroundcoffee.com","Jody Hall","https://www.linkedin.com/in/jody-hall-1b29a86/","unknown","@wundergroundcoffee","enrich","Seattle-based, launched 2021 by Jody Hall (founder of Cupcake Royale, the country's first cupcake bakery, and cannabis brand Goodship). Cafe + DTC, sold at SEA airport. Experienced founder, premium positioning ('Coffee 2.0', 5,000mg+ mushrooms) - a fundable growth-stage challenger.","Jody Hall is a serial Seattle founder (Cupcake Royale, Goodship) positioning Wunderground as 'Coffee 2.0' with the highest fruiting-body dose in category - a transparency/dosage angle that most competitors can't make, ideal for a comparison-style UGC ad."
"B","low","Bears with Benefits","Women's functional gummies (beauty, sleep, ashwagandha calm)","https://bears-with-benefits.us","Laurence Saunier & Marlena Hien (co-founders)","https://www.linkedin.com/company/bears-with-benefits/","unknown","@bearswithbenefits","enrich","Munich-founded (2018) women's functional gummy brand, now US-facing site; acquired by Havea (still founder-associated). Broad functional/adaptogen + beauty-from-within gummy line aimed at women. Established but still scaling into US — strong fit for paid social challenger tier, though now part of a larger group.","Bears with Benefits skews female and 'pretty, shelfie-worthy' in its creative, blending beauty-from-within with adaptogen/calm SKUs. They are pushing into the US market from a strong EU base — a localized US UGC angle with American creators (vs. their Euro-coded content) is a concrete creative gap to open on."
"B","low","Gummy AF","Beauty-from-within collagen gummies (collagen, biotin, vitamin C/E, zinc)","https://gummy.af","Dora Audrey (founder)","unknown","unknown","@gummy.af","enrich","Launched June 2025, viral on TikTok ('glow-up in a gummy'), hydrolyzed collagen + biotin beauty gummy. Founder-led (Dora Audrey), explicitly riding paid + organic social, expanding from Europe into US. New but fast-moving, performance-marketing-dependent — high upside if spend ramps.","Gummy AF is built for the TikTok feed — name, packaging and 'skincare as candy' angle are all UGC-native, and the founder publicly framed the US launch as 'this is going crazy in Europe already, now it's America's turn.' An opener referencing that exact US-expansion moment and offering US-creator UGC to fuel it is highly specific."
"B","low","Micropause","Perimenopause/midlife wellness gummies (functional mushroom + adaptogen + botanical)","https://takemicropause.com","Emily Wagner (founder & CEO)","unknown","unknown","@takemicropause","enrich","Female-founded, self-funded DTC brand making mushroom/adaptogen/botanical gummies for perimenopause and midlife women. Niche, founder-reachable, growing — likely still under the high end of the spend band but a clean ICP fit with a clear founder decision-maker.","Founder Emily Wagner started Micropause after experiencing hot flashes at 51 while creative director at Herbalife — an authentic founder-origin story. The perimenopause/midlife-women angle is underserved in UGC; an opener proposing relatable midlife-creator testimonials (vs. the usual 20-something supplement content) is a sharp, specific hook."
"B","low","Moodi","Women's functional gummies & blends (KSM-66 ashwagandha hormone/sleep gummies)","https://www.moodiblends.com","Kate (co-founder; full surname unverified)","unknown","unknown","@moodiblends","enrich","Women-focused functional wellness brand (NZ-based) with KSM-66 ashwagandha hormone/sleep gummies plus functional drink/protein blends; ~85K IG followers and active promos. Growing DTC brand aimed at women's stress/sleep/hormones — plausible spend tier, founder reachable.","Moodi runs aggressive promo-led growth ('$180k in prizes', $10k Female Founder Grant) and a 'science-backed but delicious' women's-wellness voice with 85K IG followers. An opener referencing their KSM-66 ashwagandha hormone gummy and the gap between their giveaway-driven acquisition and durable UGC creative is specific."
"B","low","Troomy Nootropics","Functional mushroom nootropic gummies (Lion's Mane focus, Reishi, Cordyceps)","https://troomy.com","Bryan Garrison (founder)","unknown","unknown","@troomynootropics","enrich","Southern California nootropics brand (launched 2022), triple-extracted single-mushroom gummies (400mg Lion's Mane focus hero SKU), DTC + Amazon. Smaller single-founder challenger directly in the functional-gummy lane; ad-spend tier plausible but harder to confirm.","Troomy's hook is 'triple-extracted, 400mg Lion's Mane per gummy, no fillers' — a potency/purity story aimed at the focus crowd. A UGC ad around a 'desk worker's afternoon focus' use-case (passionfruit-tangerine gummy at 2pm instead of a third coffee) maps to their actual product framing."
"B","low","Wile","Women's hormone/mood adaptogen supplements (adaptogens, nervines; gummy + capsule)","https://wilewomen.com","Gwen Floyd, Corey Scholibo & Julie Kucinski (co-founders); Judy Greer co-founder/investor","https://www.linkedin.com/in/gwenfloyd/","unknown","@wilewomen","enrich","Plant-based adaptogen brand for women 40-60 (stress, hot flash, mood), in Walgreens nationwide + DTC. Celebrity co-founder (Judy Greer) gives creative firepower and PR reach. Funded, retail-expanding, founder-led — solid mid-tier fit; product mix is broader than just gummies.","Wile targets perimenopausal/menopausal women with clinically-backed adaptogens and has actress Judy Greer as a co-founder — a built-in creative asset. An opener noting that midlife-women UGC is a whitespace (most supplement UGC skews Gen Z) and that they could pair real 45+ creators with Greer's celebrity halo is concrete and on-brand."
"C","medium","8Greens","Effervescent greens tablets/gummies/powder","https://8greens.com","Dawn Russell (with James Russell)","https://www.linkedin.com/company/8greens","unknown","@8greens","enrich","Founded ~2015, NYC. World's-first effervescent greens tablet; ~400% annual sales growth, raised $10M (Prelude Growth Partners), 60%+ revenue from DTC subscription. Acquired by Grove Collaborative in 2025 - so corporate parent now, but the brand still markets founder-led greens in the target tier.","Founder Dawn Russell's origin story is unusually strong - a former model and cancer survivor who made 276 prototypes over 5 years. Their format (effervescent tablet, not a scoop) is itself a visual UGC hook ('I drop it in water and...'). Caveat: post-Grove acquisition the decision-maker may now be corporate, not Dawn - qualify reachability."
"C","medium","DIRTEA","Functional mushroom powders, super-blends & mushroom coffee (lion's mane, chaga, cordyceps)","https://www.dirteaworld.com","Andrew Salter (co-founder/CEO), Simon Salter (co-founder)","https://uk.linkedin.com/in/andrewsalter","unknown","@dirtea","enrich","London, founded 2020 by the Salter brothers. Named UK's fastest-growing food & drink brand (Alantra Fast 50), in ~2,000 UK stores (Selfridges, Harrods, Boots). Internet-first, very heavy paid social. NOTE: now large enough that monthly ad spend may exceed the $100K ceiling - include but flag the size risk.","Andrew Salter is a Forbes 30-under-30 founder and DIRTEA's self-described CMO who built the brand on consumer education content - he personally cares about creative, but their scale means the hook should emphasize incremental creative testing/volume rather than 'getting started'."
"C","low","Barker Wellness","Mushroom adaptogen gummies (daytime focus/energy, nighttime sleep)","https://www.barkerwellness.com","Travis Barker (founder)","unknown","unknown","@barkerwellness","enrich","Celebrity-founded (Travis Barker, 2021) wellness brand; sugar-free day/night mushroom adaptogen gummies just expanded into 880 Target stores (April 2026). DTC + big retail, real ad budget likely — but celebrity ownership means the 'founder is the reachable decision-maker' assumption is weaker.","Barker Wellness just landed mushroom adaptogen gummies in 880 Target stores (April 2026), so they have a fresh retail-velocity story to support with paid social. The day-vs-night gummy duo is a natural UGC split-test, but the celebrity-founder structure means the pitch should target their marketing lead, not Travis directly."
"C","low","Be Well by Kelly","Functional wellness (Fab Four; adaptogen/calm SKUs alongside protein)","https://bewellbykelly.com","Kelly LeVeque (founder)","https://www.linkedin.com/in/kellyleveque/","unknown","@bewellbykelly","enrich","Founder-led brand from celebrity nutritionist Kelly LeVeque (large personal audience, podcast). Functional supplement line with calm/adaptogen elements, though core product is protein powder rather than gummies. Strong founder-as-face DTC; included as plausible adjacent fit, lower confidence on gummy focus.","Kelly LeVeque has a huge built-in audience (podcast, celebrity-nutritionist following) that already drives organic sales. The opportunity/hook is that her brand relies heavily on her personal content; systematized UGC from everyday customers (not just Kelly) could lower CAC — a concrete creative-diversification angle."
"C","low","Birch Boys","Wild-harvested mushroom tinctures & extracts (Chaga focus)","https://birchboys.com/","Garrett Kopp","unknown","unknown","@birchboyschaga","enrich","Adirondack-based founder-led wild-harvest tincture brand with strong story and growing DTC. Smaller challenger - included with uncertainty; likely lower end of spend band but very founder-reachable.","Founder Garrett Kopp started the brand as a teenager after his grandmother brewed wild Chaga during her stage-4 cancer fight - a genuinely cinematic origin. The wild-harvest, Adirondack-forager angle is highly visual and underused in paid creative; founder-in-the-forest UGC would differentiate hard from generic supplement ads."
"C","low","Culture Pop Soda","Probiotic / prebiotic functional soda (gut health)","https://drinkculturepop.com","Tom First","https://www.linkedin.com/in/tom-first","unknown","@drinkculturepop","enrich","Founded by Nantucket Nectars co-founder Tom First; raised ~$36M+ (incl. $21M Series B with Howard Schultz + $15M follow-on). UNCERTAIN: this much capital and a celebrity operator may push spend above the $100K/mo ceiling. Included with that caveat; verify scale before prioritizing.","Tom First built and sold Nantucket Nectars before Culture Pop - a rare repeat-beverage-founder story. Hook references that pedigree, but flag the funding scale ($36M+, Howard Schultz) may put them above the target spend tier; treat as upper-edge."
"C","low","Cuppa (Better Cuppa)","Instant mushroom coffee (lion's mane, cordyceps, ashwagandha, L-theanine, MCT)","https://bettercuppa.com","Krystal San Miguel","https://www.linkedin.com/in/krystal-san-miguel-0ab2154/","unknown","@better.cuppa","enrich","Citrus Heights CA, founder-owned. Active TikTok (@bettercuppa) and IG with mushroom-coffee explainer content. Smaller independent challenger - clearly running social ads but spend is likely at the lower end ($20-40K/mo) or below; uncertainty on exact tier.","Their own TikTok leans on 'why everyone is obsessed with mushroom coffee' explainer content with solid dosing transparency (2,000mg mushrooms, 250mg KSM-66) - a comparison/dosage UGC angle vs. opaque competitors fits the educational tone they already use."
"C","low","Eversio Wellness","Functional mushroom extracts (fruiting-body capsules & blends)","https://www.eversiowellness.com/","Craig Garden & Brandi Garden","unknown","unknown","@eversiowellness","enrich","BC, Canada family-owned, GMP/USDA-organic fruiting-body-only positioning, growing DTC + Amazon presence. Smaller challenger - included with uncertainty on exact spend (likely lower end of band).","Co-founder Brandi Garden built the brand after her own autoimmune journey with functional mushrooms - authentic founder origin. Their 'no mycelium-on-grain, real fruiting body' purity stance is a strong differentiation hook for comparison-style UGC against cheaper competitors."
"C","low","Goldmine Adaptogens","Adaptogen blends (powders; calm/burnout positioning, gummy-adjacent functional)","https://drinkgoldmine.com","Rachael Gorjestani & Tina (co-founders)","https://www.linkedin.com/in/rachaelgorjestani/","unknown","@goldmineadaptogens","enrich","Petaluma CA founder-led adaptogen brand targeting 'Millennial burnout'; in 40+ Whole Foods + DTC. Core format is adaptogen powders rather than gummies, so it's an adjacent/uncertain fit — included as a plausible challenger with a reachable founder, flagged C for format mismatch and likely lower spend.","Goldmine's positioning is explicitly 'adaptogens for Millennial burnout,' founded by a nutritionist + designer duo who were themselves burned out. The hook: their format is powder (harder UGC demo) and a gummy/RTD-style line plus burnout-themed creator content could broaden them — note the format caveat honestly in outreach."
"C","low","JOYA (The Joya Life)","Adaptogenic superblends (cacao/matcha/turmeric/vanilla-maca coffee alternatives) + functional chocolate","https://www.thejoyalife.com","Ruth (Chef Ruthy), founder - full last name unknown","unknown","unknown","@thejoyalife","enrich","Canada-based, chef/nutritionist founder. Cacao, matcha, turmeric and vanilla-maca superblends plus functional chocolate line (launched 2023). ~11K IG followers - smaller brand; could be at or below the bottom of the target spend tier, so flagged uncertain.","JOYA is chef-crafted (founder is a CNP and chef) with 'adventuresome flavors' across cacao/matcha/turmeric blends - a taste-forward, food-first positioning that's perfect for appetite-appeal UGC, but their modest ~11K IG following suggests they may need help scaling before they're at the upper spend tier."
"C","low","MacroLife Naturals (Macro Greens)","Greens & superfood powder (legacy/organic)","https://macrolifenaturals.com","Sylvia Ortiz","https://www.linkedin.com/company/macrolife-naturals-inc-","unknown","@macrolifenaturals","enrich","Founder-led (Sylvia Ortiz), WBENC-certified women/minority-owned brand. Macro Greens is a long-standing greens superfood SKU sold DTC + retail. Legacy brand (1998) but still independent and founder-run - plausible mid-tier paid-social spender, though ad intensity is uncertain.","Macro Greens was literally created by founder Sylvia Ortiz to help heal her son JR - a powerful, decades-old founder origin story that almost no competitor can match. As one of the original greens brands now competing against flashy 2024 entrants, their creative likely feels dated - strong opportunity to modernize with fresh UGC."
"C","low","Mushroom Cups International","Mushroom-infused organic coffee (single-serve / cups format)","https://mushroomcups.com","unknown","unknown","unknown","unknown","enrich","DTC mushroom-infused organic coffee brand referenced as a RYZE-tier competitor by CB Insights. Limited public data on size/founder - included as a plausible-but-unverified small challenger; spend tier uncertain.","Their differentiator is a convenient single-serve 'cups' format of mushroom-infused organic coffee (vs. powder tubs) - a convenience/portability UGC angle (desk, travel, commute) fits the format, though the brand's small footprint makes the spend tier uncertain."
"C","low","Naked Nutrition (Naked Greens)","Greens & superfood powder (minimal-ingredient)","https://nakednutrition.com","Stephen Zieminski","unknown","unknown","@nakednutrition","enrich","DTC supplement brand built on minimal-ingredient transparency ('Nutrition With Nothing To Hide'). Naked Greens (6 organic veg/grasses + adaptogens, no fillers) sits in a broad protein/greens catalog sold DTC + Amazon. Established mid-tier advertiser; greens is one SKU among many.","Naked's entire brand promise is the short, no-filler ingredient label - the opposite of the '70+ superfoods' arms race. That radical-transparency angle is a sharp, differentiated UGC hook ('I read the WHOLE label, here's what's NOT in it'). Greens is a secondary SKU for them, so qualify whether greens-specific ad budget hits the tier."
"C","low","Nested Naturals (Super Greens)","Greens & superfood powder (USDA organic)","https://nestednaturals.com","Jordan Schilling & Kevin Pasco","unknown","unknown","@nestednaturals","enrich","DTC-native, USDA-organic supplement brand with a Super Greens SKU (20+ whole foods, probiotics, enzymes). Vegan/non-GMO, ethically-produced positioning, sold DTC + Amazon. Founder-led mid-tier brand; ad-spend level plausible but not confirmed.","Nested Naturals leans on an 'honest ingredients / give-back' brand ethos and clean organic formula - a values-led angle that pairs naturally with authentic, non-glossy UGC. Worth verifying founders (commonly cited as Jordan Schilling & Kevin Pasco) and current ad intensity before prioritizing."
"C","low","Neuro Gum","Nootropic energy/focus gum & mints (caffeine + L-theanine)","https://neurogum.com/","Kent Yoshimura & Ryan Chen","https://www.linkedin.com/in/kentyoshimura/","unknown","@neurogum","enrich","Fastest-growing TikTok Shop brand recently; ~$7-10M/mo revenue. NOTE: skews TikTok-Shop / organic and historically 'without spending on ads' - may sit above or beside the target Meta-spend band, so flagged C. Strong nootropic-segment fit but verify paid-Meta intent.","Co-founder Kent Yoshimura is a neuroscience-grad muralist/athlete with a magnetic personal brand, and the company exploded off organic Joe Rogan mentions + TikTok Shop creator content. The angle: they've proven creator content works organically - a pitch to systematize that into paid UGC on Meta (where they're light) is highly relevant."
"C","low","Novomins Nutrition","Functional gummies (sleep, peri-menopause, ashwagandha/calm; broad range)","https://novomins.com","Akil Memishi & Dr Peter McQuillan (co-founders)","https://www.linkedin.com/in/akil-memishi/","unknown","@novomins","enrich","UK B-Corp gummy brand, bootstrapped to £3.5M+ revenue in ~2 years, 20+ SKUs including sleep, peri-menopause and adaptogen/calm gummies. Founder-scientist led, fast-growing DTC — strong spend-tier candidate, though range is broader multivitamin than pure adaptogen.","Novomins is UK & Europe's first B-Corp gummy nutrition brand and leans on founder Akil Memishi's clinical-research/oncology background for credibility. An opener tying their science-led B-Corp positioning to founder-on-camera UGC (rare in the gummy space, which is mostly faceless) is a clear differentiator pitch."
"C","low","Nuzest (Good Green Vitality)","Greens & superfood powder (clean/all-in-one)","https://www.nuzest.com","Trevor Bolland (with Dr. Cliff Harvey)","unknown","unknown","@nuzest","enrich","Founder-led greens + plant-protein brand (AU/NZ origin, US DTC site nuzest.com). Good Green Vitality is an all-in-one greens/vitamin powder co-developed with a nutrition PhD. International DTC with subscription - mid-tier challenger, though US ad spend specifically is uncertain.","Good Green Vitality is positioned as a clinician-co-developed 'all-in-one' (Dr. Cliff Harvey) rather than an influencer product - a credibility/science angle under-leveraged in their creative. Founder Trevor Bolland's story (built it after a family health scare per brand lore) is worth enriching for a founder-led hook."
"C","low","Om Mushroom Superfood","Functional mushroom powders, capsules & broths","https://ommushrooms.com/","Sandra Carter & Steve Farrar","https://www.linkedin.com/company/ommushroom/","unknown","@ommushrooms","enrich","Vista, CA vertically-integrated grower (own organic facility), broad SKU range across energy/focus/sleep. Established mid-market mushroom brand - on the larger end but still founder-attributable; plausible $20-100K/mo.","They grow all their own mushrooms in a Certified-Organic BRCGS-AA facility - a verifiable supply-chain proof point most competitors can't claim. That 'seed-to-supplement, we grow it ourselves' story is a credibility hook for trust-building UGC, which their fairly traditional creative underuses."
"C","low","Pella Nutrition","Instant mushroom coffee (7-mushroom blend) + functional sea moss","https://mypellanutrition.com","unknown","unknown","unknown","@pellanutrition","enrich","US-based, strong Amazon presence (7-superfood-mushroom instant coffee, 60-cup packs) plus DTC site and Facebook. Positions on 'real ingredients vs artificial stimulants'. Mid-to-smaller challenger; ad spend tier uncertain and founder not publicly identified.","Pella's wedge is a 7-mushroom blend (lion's mane, reishi, chaga, cordyceps, shiitake, maitake, turkey tail) at a value price point - a 'most mushrooms per cup for the price' value/comparison ad angle suits their Amazon-heavy, value positioning."
"C","low","Society's Plant","Mood gummies (THC microdose + CBD + adaptogenic mushrooms)","https://societysplant.com","Bianca Snyder (founder; aka 'High Society Mama')","unknown","unknown","@societysplant","enrich","Founder-led DTC brand (since 2019), 10,000+ customers, hero 'in the mood' gummy blends THC microdose + CBD + adaptogenic mushrooms. Mom-creator founder with strong personal brand. Fits founder-reachable challenger profile, though cannabinoid content complicates Meta ad eligibility.","Founder Bianca Snyder built the brand off her 'High Society Mama' creator persona and a top-selling 'get in the mood' adaptogen+microdose gummy. An opener acknowledging the Meta ad-policy headache for cannabinoid brands and offering compliant UGC/creator-led creative (a real pain point for this segment) is both specific and useful."
"C","low","Sweet Revolution","Functional mushroom lattes & mushroom chai (chaga, lion's mane, reishi) - UK","https://sweetrevolution.co.uk","Jane Nicholls","unknown","unknown","@sweetrevolutionuk","enrich","Wetherby, UK. Free-from functional latte/chai blends with chaga, lion's mane, reishi; recently launched a mushroom coffee and 'Pure Blends' line. UK challenger, smaller-scale; ad-spend tier uncertain (likely lower end), included as C-tier.","They just launched a 'Pure Blends' functional latte line and a new mushroom coffee - a fresh-product-launch window is the ideal moment for new creative, though their smaller UK footprint means the spend tier is uncertain."
"C","low","Three Spirit","Adaptogen + nootropic non-alcoholic botanical elixirs (lion's mane, ashwagandha)","https://threespiritdrinks.com","Meeta Gournay, Tatiana Mercer & Dash Lilley","unknown","unknown","@threespiritdrinks","enrich","UK/US functional non-alc pioneer (raised ~$3M, Series A). UNCERTAIN on spend tier: acquired by Amber Beverage Group in Oct 2025, so ad budget/decision-making may now sit with the parent rather than the original founders. Included as a plausible-but-uncertain fit.","Three Spirit's elixirs are designed by 'plant scientists and bartenders' (Livener, Nightcap, Social Elixir) with a distinctly editorial, science-forward voice. Caveat: post-acquisition by Amber Beverage, confirm the decision-maker before outreach. Hook = science-led founder narrative meets relatable use-occasion UGC."
"C","low","TRIP","CBD + adaptogen functional relaxation drinks (UK, expanding US)","https://www.drink-trip.com","Olivia Ferdi & Daniel Khoury","https://www.linkedin.com/in/olivia-ferdi","unknown","@trip","enrich","LIKELY TOO BIG / upper-edge: raised $40M in Nov 2025 at ~$300M valuation, revenue surpassing $100M, 11,000+ retail doors. Their monthly ad spend almost certainly EXCEEDS the $100K/mo ceiling. Included only as a boundary case / de-prioritized - they are closer to giant tier than challenger.","Husband-and-wife founders Olivia Ferdi and Daniel Khoury left law/finance to build TRIP after a CBD recovery experience. Caveat: at $100M revenue and $300M valuation they likely outspend the target band - de-prioritize unless targeting their enterprise creative volume specifically."
"C","low","Wooden Spoon Herbs","Caffeine-free herbal coffee / mushroom cocoa (prebiotic roots + adaptogenic mushrooms)","https://woodenspoonherbs.com","Lauren Haynes","unknown","unknown","@woodenspoonherbs","enrich","Tennessee-based herbalist-founded brand that grew from an Appalachian farmers'-market stall. Offers Herbal Coffee and Mushroom Cocoa. Authentic founder story and loyal following, but likely smaller-scale and more organic-growth-driven - spend tier uncertain, included as a C-tier possibility.","Founder Lauren Haynes is a working herbalist whose brand started at an Appalachian farmers' market - an unusually authentic origin story; founder-led UGC built around her herbalist credibility would differentiate them, but their craft/organic scale makes the paid-spend tier uncertain."
